"filename", "language", "JavaScript", "JSON with Comments", "JSON", "Markdown", "XML", "CSS", "HTML", "YAML", "Properties", "Shell Script", "PowerShell", "Ignore", "Docker", "comment", "blank", "total"
"/Users/dylan/Code/web/uni-project/.dockerignore", "Ignore", 0, 0, 0, 0, 0, 0, 0, 0, 0, 0, 0, 1, 0, 0, 0, 1
"/Users/dylan/Code/web/uni-project/.env", "Properties", 0, 0, 0, 0, 0, 0, 0, 0, 15, 0, 0, 0, 0, 0, 1, 16
"/Users/dylan/Code/web/uni-project/.eslintrc.js", "JavaScript", 15, 0, 0, 0, 0, 0, 0, 0, 0, 0, 0, 0, 0, 0, 1, 16
"/Users/dylan/Code/web/uni-project/.fleet/settings.json", "JSON with Comments", 0, 0, 0, 0, 0, 0, 0, 0, 0, 0, 0, 0, 0, 0, 1, 1
"/Users/dylan/Code/web/uni-project/.github/workflows/node.js.yml", "YAML", 0, 0, 0, 0, 0, 0, 0, 28, 0, 0, 0, 0, 0, 2, 8, 38
"/Users/dylan/Code/web/uni-project/.gitlab-ci.yml", "YAML", 0, 0, 0, 0, 0, 0, 0, 20, 0, 0, 0, 0, 0, 4, 9, 33
"/Users/dylan/Code/web/uni-project/Dockerfile", "Docker", 0, 0, 0, 0, 0, 0, 0, 0, 0, 0, 0, 0, 11, 0, 7, 18
"/Users/dylan/Code/web/uni-project/README.md", "Markdown", 0, 0, 0, 25, 0, 0, 0, 0, 0, 0, 0, 0, 0, 0, 7, 32
"/Users/dylan/Code/web/uni-project/docker-compose.yaml", "YAML", 0, 0, 0, 0, 0, 0, 0, 19, 0, 0, 0, 0, 0, 10, 4, 33
"/Users/dylan/Code/web/uni-project/package-lock.json", "JSON", 0, 0, 16548, 0, 0, 0, 0, 0, 0, 0, 0, 0, 0, 0, 1, 16549
"/Users/dylan/Code/web/uni-project/package.json", "JSON", 0, 0, 57, 0, 0, 0, 0, 0, 0, 0, 0, 0, 0, 0, 1, 58
"/Users/dylan/Code/web/uni-project/run.ps1", "PowerShell", 0, 0, 0, 0, 0, 0, 0, 0, 0, 0, 4, 0, 0, 0, 0, 4
"/Users/dylan/Code/web/uni-project/run.sh", "Shell Script", 0, 0, 0, 0, 0, 0, 0, 0, 0, 4, 0, 0, 0, 1, 1, 6
"/Users/dylan/Code/web/uni-project/src/app.js", "JavaScript", 42, 0, 0, 0, 0, 0, 0, 0, 0, 0, 0, 0, 0, 12, 15, 69
"/Users/dylan/Code/web/uni-project/src/config/config.js", "JavaScript", 37, 0, 0, 0, 0, 0, 0, 0, 0, 0, 0, 0, 0, 1, 6, 44
"/Users/dylan/Code/web/uni-project/src/config/eventTypes.js", "JavaScript", 4, 0, 0, 0, 0, 0, 0, 0, 0, 0, 0, 0, 0, 1, 2, 7
"/Users/dylan/Code/web/uni-project/src/config/logger.js", "JavaScript", 43, 0, 0, 0, 0, 0, 0, 0, 0, 0, 0, 0, 0, 1, 10, 54
"/Users/dylan/Code/web/uni-project/src/config/mongo.js", "JavaScript", 23, 0, 0, 0, 0, 0, 0, 0, 0, 0, 0, 0, 0, 1, 4, 28
"/Users/dylan/Code/web/uni-project/src/config/morgan.js", "JavaScript", 15, 0, 0, 0, 0, 0, 0, 0, 0, 0, 0, 0, 0, 15, 6, 36
"/Users/dylan/Code/web/uni-project/src/config/passport.js", "JavaScript", 32, 0, 0, 0, 0, 0, 0, 0, 0, 0, 0, 0, 0, 7, 6, 45
"/Users/dylan/Code/web/uni-project/src/config/redis.js", "JavaScript", 8, 0, 0, 0, 0, 0, 0, 0, 0, 0, 0, 0, 0, 2, 3, 13
"/Users/dylan/Code/web/uni-project/src/config/resourceTypes.js", "JavaScript", 5, 0, 0, 0, 0, 0, 0, 0, 0, 0, 0, 0, 0, 1, 2, 8
"/Users/dylan/Code/web/uni-project/src/config/roles.js", "JavaScript", 4, 0, 0, 0, 0, 0, 0, 0, 0, 0, 0, 0, 0, 1, 2, 7
"/Users/dylan/Code/web/uni-project/src/controllers/eventController.js", "JavaScript", 112, 0, 0, 0, 0, 0, 0, 0, 0, 0, 0, 0, 0, 27, 29, 168
"/Users/dylan/Code/web/uni-project/src/controllers/resourceController.js", "JavaScript", 123, 0, 0, 0, 0, 0, 0, 0, 0, 0, 0, 0, 0, 17, 21, 161
"/Users/dylan/Code/web/uni-project/src/controllers/statsController.js", "JavaScript", 89, 0, 0, 0, 0, 0, 0, 0, 0, 0, 0, 0, 0, 9, 13, 111
"/Users/dylan/Code/web/uni-project/src/controllers/userController.js", "JavaScript", 133, 0, 0, 0, 0, 0, 0, 0, 0, 0, 0, 0, 0, 14, 31, 178
"/Users/dylan/Code/web/uni-project/src/frontend/.eslintrc.cjs", "JavaScript", 16, 0, 0, 0, 0, 0, 0, 0, 0, 0, 0, 0, 0, 0, 1, 17
"/Users/dylan/Code/web/uni-project/src/frontend/cypress.config.js", "JavaScript", 7, 0, 0, 0, 0, 0, 0, 0, 0, 0, 0, 0, 0, 1, 2, 10
"/Users/dylan/Code/web/uni-project/src/frontend/cypress/e2e/cypress.config.js", "JavaScript", 7, 0, 0, 0, 0, 0, 0, 0, 0, 0, 0, 0, 0, 1, 2, 10
"/Users/dylan/Code/web/uni-project/src/frontend/cypress/e2e/cypress/support/commands.js", "JavaScript", 0, 0, 0, 0, 0, 0, 0, 0, 0, 0, 0, 0, 0, 25, 0, 25
"/Users/dylan/Code/web/uni-project/src/frontend/cypress/e2e/cypress/support/e2e.js", "JavaScript", 1, 0, 0, 0, 0, 0, 0, 0, 0, 0, 0, 0, 0, 17, 2, 20
"/Users/dylan/Code/web/uni-project/src/frontend/cypress/e2e/eventSpec.cy.js", "JavaScript", 10, 0, 0, 0, 0, 0, 0, 0, 0, 0, 0, 0, 0, 0, 1, 11
"/Users/dylan/Code/web/uni-project/src/frontend/cypress/e2e/homeSpec.cy.js", "JavaScript", 16, 0, 0, 0, 0, 0, 0, 0, 0, 0, 0, 0, 0, 0, 1, 17
"/Users/dylan/Code/web/uni-project/src/frontend/cypress/e2e/partnersSpec.cy.js", "JavaScript", 16, 0, 0, 0, 0, 0, 0, 0, 0, 0, 0, 0, 0, 0, 0, 16
"/Users/dylan/Code/web/uni-project/src/frontend/cypress/e2e/resourcesSpec.cy.js", "JavaScript", 15, 0, 0, 0, 0, 0, 0, 0, 0, 0, 0, 0, 0, 0, 0, 15
"/Users/dylan/Code/web/uni-project/src/frontend/cypress/e2e/spec.cy.js", "JavaScript", 14, 0, 0, 0, 0, 0, 0, 0, 0, 0, 0, 0, 0, 0, 1, 15
"/Users/dylan/Code/web/uni-project/src/frontend/cypress/fixtures/example.json", "JSON", 0, 0, 5, 0, 0, 0, 0, 0, 0, 0, 0, 0, 0, 0, 1, 6
"/Users/dylan/Code/web/uni-project/src/frontend/cypress/support/commands.js", "JavaScript", 0, 0, 0, 0, 0, 0, 0, 0, 0, 0, 0, 0, 0, 25, 0, 25
"/Users/dylan/Code/web/uni-project/src/frontend/cypress/support/e2e.js", "JavaScript", 4, 0, 0, 0, 0, 0, 0, 0, 0, 0, 0, 0, 0, 19, 2, 25
"/Users/dylan/Code/web/uni-project/src/frontend/icon-attributions.md", "Markdown", 0, 0, 0, 9, 0, 0, 0, 0, 0, 0, 0, 0, 0, 0, 0, 9
"/Users/dylan/Code/web/uni-project/src/frontend/index.html", "HTML", 0, 0, 0, 0, 0, 0, 14, 0, 0, 0, 0, 0, 0, 0, 1, 15
"/Users/dylan/Code/web/uni-project/src/frontend/package-lock.json", "JSON", 0, 0, 11018, 0, 0, 0, 0, 0, 0, 0, 0, 0, 0, 0, 1, 11019
"/Users/dylan/Code/web/uni-project/src/frontend/package.json", "JSON", 0, 0, 44, 0, 0, 0, 0, 0, 0, 0, 0, 0, 0, 0, 1, 45
"/Users/dylan/Code/web/uni-project/src/frontend/postcss.config.cjs", "JavaScript", 6, 0, 0, 0, 0, 0, 0, 0, 0, 0, 0, 0, 0, 0, 1, 7
"/Users/dylan/Code/web/uni-project/src/frontend/public/vite.svg", "XML", 0, 0, 0, 0, 1, 0, 0, 0, 0, 0, 0, 0, 0, 0, 0, 1
"/Users/dylan/Code/web/uni-project/src/frontend/src/App.jsx", "JavaScript", 65, 0, 0, 0, 0, 0, 0, 0, 0, 0, 0, 0, 0, 3, 6, 74
"/Users/dylan/Code/web/uni-project/src/frontend/src/assets/Advocacy.svg", "XML", 0, 0, 0, 0, 17, 0, 0, 0, 0, 0, 0, 0, 0, 0, 1, 18
"/Users/dylan/Code/web/uni-project/src/frontend/src/assets/Calendar.svg", "XML", 0, 0, 0, 0, 4, 0, 0, 0, 0, 0, 0, 0, 0, 0, 0, 4
"/Users/dylan/Code/web/uni-project/src/frontend/src/assets/CallToAction.svg", "XML", 0, 0, 0, 0, 9, 0, 0, 0, 0, 0, 0, 0, 0, 0, 0, 9
"/Users/dylan/Code/web/uni-project/src/frontend/src/assets/CallToActionSmall.svg", "XML", 0, 0, 0, 0, 9, 0, 0, 0, 0, 0, 0, 0, 0, 0, 0, 9
"/Users/dylan/Code/web/uni-project/src/frontend/src/assets/ClockBlack.svg", "XML", 0, 0, 0, 0, 4, 0, 0, 0, 0, 0, 0, 0, 0, 0, 0, 4
"/Users/dylan/Code/web/uni-project/src/frontend/src/assets/ClockWhite.svg", "XML", 0, 0, 0, 0, 4, 0, 0, 0, 0, 0, 0, 0, 0, 0, 0, 4
"/Users/dylan/Code/web/uni-project/src/frontend/src/assets/Connection.svg", "XML", 0, 0, 0, 0, 3, 0, 0, 0, 0, 0, 0, 0, 0, 0, 1, 4
"/Users/dylan/Code/web/uni-project/src/frontend/src/assets/Download.svg", "XML", 0, 0, 0, 0, 3, 0, 0, 0, 0, 0, 0, 0, 0, 0, 0, 3
"/Users/dylan/Code/web/uni-project/src/frontend/src/assets/Edit.svg", "XML", 0, 0, 0, 0, 3, 0, 0, 0, 0, 0, 0, 0, 0, 1, 0, 4
"/Users/dylan/Code/web/uni-project/src/frontend/src/assets/Link.svg", "XML", 0, 0, 0, 0, 10, 0, 0, 0, 0, 0, 0, 0, 0, 0, 0, 10
"/Users/dylan/Code/web/uni-project/src/frontend/src/assets/Location.svg", "XML", 0, 0, 0, 0, 3, 0, 0, 0, 0, 0, 0, 0, 0, 0, 0, 3
"/Users/dylan/Code/web/uni-project/src/frontend/src/assets/Meeting.svg", "XML", 0, 0, 0, 0, 3, 0, 0, 0, 0, 0, 0, 0, 0, 0, 0, 3
"/Users/dylan/Code/web/uni-project/src/frontend/src/assets/Placeholder.svg", "XML", 0, 0, 0, 0, 4, 0, 0, 0, 0, 0, 0, 0, 0, 0, 0, 4
"/Users/dylan/Code/web/uni-project/src/frontend/src/assets/PlaceholderLarge.svg", "XML", 0, 0, 0, 0, 4, 0, 0, 0, 0, 0, 0, 0, 0, 0, 0, 4
"/Users/dylan/Code/web/uni-project/src/frontend/src/assets/Radial.svg", "XML", 0, 0, 0, 0, 5, 0, 0, 0, 0, 0, 0, 0, 0, 0, 0, 5
"/Users/dylan/Code/web/uni-project/src/frontend/src/assets/Support.svg", "XML", 0, 0, 0, 0, 3, 0, 0, 0, 0, 0, 0, 0, 0, 0, 0, 3
"/Users/dylan/Code/web/uni-project/src/frontend/src/assets/react.svg", "XML", 0, 0, 0, 0, 3, 0, 0, 0, 0, 0, 0, 0, 0, 0, 0, 3
"/Users/dylan/Code/web/uni-project/src/frontend/src/components/Admin/Stat.jsx", "JavaScript", 18, 0, 0, 0, 0, 0, 0, 0, 0, 0, 0, 0, 0, 1, 3, 22
"/Users/dylan/Code/web/uni-project/src/frontend/src/components/Admin/Table/Table.jsx", "JavaScript", 25, 0, 0, 0, 0, 0, 0, 0, 0, 0, 0, 0, 0, 3, 2, 30
"/Users/dylan/Code/web/uni-project/src/frontend/src/components/Admin/Table/TableHead.jsx", "JavaScript", 15, 0, 0, 0, 0, 0, 0, 0, 0, 0, 0, 0, 0, 0, 3, 18
"/Users/dylan/Code/web/uni-project/src/frontend/src/components/Admin/Table/TableRow.jsx", "JavaScript", 98, 0, 0, 0, 0, 0, 0, 0, 0, 0, 0, 0, 0, 22, 8, 128
"/Users/dylan/Code/web/uni-project/src/frontend/src/components/Admin/UserForm/UserForm.jsx", "JavaScript", 124, 0, 0, 0, 0, 0, 0, 0, 0, 0, 0, 0, 0, 1, 17, 142
"/Users/dylan/Code/web/uni-project/src/frontend/src/components/Admin/UserForm/UserValidationFunctions.js", "JavaScript", 31, 0, 0, 0, 0, 0, 0, 0, 0, 0, 0, 0, 0, 5, 8, 44
"/Users/dylan/Code/web/uni-project/src/frontend/src/components/Events/DateTimeForm.jsx", "JavaScript", 25, 0, 0, 0, 0, 0, 0, 0, 0, 0, 0, 0, 0, 1, 2, 28
"/Users/dylan/Code/web/uni-project/src/frontend/src/components/Events/EventContainer.jsx", "JavaScript", 33, 0, 0, 0, 0, 0, 0, 0, 0, 0, 0, 0, 0, 4, 3, 40
"/Users/dylan/Code/web/uni-project/src/frontend/src/components/Events/EventForm.jsx", "JavaScript", 324, 0, 0, 0, 0, 0, 0, 0, 0, 0, 0, 0, 0, 12, 24, 360
"/Users/dylan/Code/web/uni-project/src/frontend/src/components/Events/EventTypes.js", "JavaScript", 4, 0, 0, 0, 0, 0, 0, 0, 0, 0, 0, 0, 0, 1, 2, 7
"/Users/dylan/Code/web/uni-project/src/frontend/src/components/Events/EventValidationFunctions.js", "JavaScript", 55, 0, 0, 0, 0, 0, 0, 0, 0, 0, 0, 0, 0, 3, 14, 72
"/Users/dylan/Code/web/uni-project/src/frontend/src/components/Events/RadioButtons.jsx", "JavaScript", 36, 0, 0, 0, 0, 0, 0, 0, 0, 0, 0, 0, 0, 6, 3, 45
"/Users/dylan/Code/web/uni-project/src/frontend/src/components/Events/SingleEvent.jsx", "JavaScript", 239, 0, 0, 0, 0, 0, 0, 0, 0, 0, 0, 0, 0, 23, 16, 278
"/Users/dylan/Code/web/uni-project/src/frontend/src/components/Home/AboutUs.jsx", "JavaScript", 60, 0, 0, 0, 0, 0, 0, 0, 0, 0, 0, 0, 0, 2, 3, 65
"/Users/dylan/Code/web/uni-project/src/frontend/src/components/Home/CSA.jsx", "JavaScript", 70, 0, 0, 0, 0, 0, 0, 0, 0, 0, 0, 0, 0, 2, 3, 75
"/Users/dylan/Code/web/uni-project/src/frontend/src/components/Home/CallToAction.jsx", "JavaScript", 39, 0, 0, 0, 0, 0, 0, 0, 0, 0, 0, 0, 0, 2, 3, 44
"/Users/dylan/Code/web/uni-project/src/frontend/src/components/Home/CallToAction.module.css", "CSS", 0, 0, 0, 0, 0, 14, 0, 0, 0, 0, 0, 0, 0, 0, 2, 16
"/Users/dylan/Code/web/uni-project/src/frontend/src/components/Partners/Carousel.jsx", "JavaScript", 106, 0, 0, 0, 0, 0, 0, 0, 0, 0, 0, 0, 0, 5, 10, 121
"/Users/dylan/Code/web/uni-project/src/frontend/src/components/Partners/CarouselData.jsx", "JavaScript", 28, 0, 0, 0, 0, 0, 0, 0, 0, 0, 0, 0, 0, 1, 1, 30
"/Users/dylan/Code/web/uni-project/src/frontend/src/components/Partners/JoinToday.jsx", "JavaScript", 26, 0, 0, 0, 0, 0, 0, 0, 0, 0, 0, 0, 0, 3, 2, 31
"/Users/dylan/Code/web/uni-project/src/frontend/src/components/Partners/JoinTodayPop.jsx", "JavaScript", 63, 0, 0, 0, 0, 0, 0, 0, 0, 0, 0, 0, 0, 9, 2, 74
"/Users/dylan/Code/web/uni-project/src/frontend/src/components/Partners/PartnerCardsLeft.jsx", "JavaScript", 85, 0, 0, 0, 0, 0, 0, 0, 0, 0, 0, 0, 0, 1, 4, 90
"/Users/dylan/Code/web/uni-project/src/frontend/src/components/Partners/PartnerCardsRight.jsx", "JavaScript", 96, 0, 0, 0, 0, 0, 0, 0, 0, 0, 0, 0, 0, 0, 3, 99
"/Users/dylan/Code/web/uni-project/src/frontend/src/components/Partners/PreventionCardsTop.jsx", "JavaScript", 109, 0, 0, 0, 0, 0, 0, 0, 0, 0, 0, 0, 0, 0, 3, 112
"/Users/dylan/Code/web/uni-project/src/frontend/src/components/Resources/DropdownBox.jsx", "JavaScript", 33, 0, 0, 0, 0, 0, 0, 0, 0, 0, 0, 0, 0, 6, 4, 43
"/Users/dylan/Code/web/uni-project/src/frontend/src/components/Resources/ResourceContainer.jsx", "JavaScript", 29, 0, 0, 0, 0, 0, 0, 0, 0, 0, 0, 0, 0, 6, 3, 38
"/Users/dylan/Code/web/uni-project/src/frontend/src/components/Resources/ResourceForm.jsx", "JavaScript", 196, 0, 0, 0, 0, 0, 0, 0, 0, 0, 0, 0, 0, 14, 25, 235
"/Users/dylan/Code/web/uni-project/src/frontend/src/components/Resources/ResourceRow.jsx", "JavaScript", 18, 0, 0, 0, 0, 0, 0, 0, 0, 0, 0, 0, 0, 2, 3, 23
"/Users/dylan/Code/web/uni-project/src/frontend/src/components/Resources/ResourceTypes.js", "JavaScript", 5, 0, 0, 0, 0, 0, 0, 0, 0, 0, 0, 0, 0, 1, 2, 8
"/Users/dylan/Code/web/uni-project/src/frontend/src/components/Resources/ResourceValidationFunctuions.js", "JavaScript", 31, 0, 0, 0, 0, 0, 0, 0, 0, 0, 0, 0, 0, 5, 8, 44
"/Users/dylan/Code/web/uni-project/src/frontend/src/components/Resources/SinglePages/PdfPage.jsx", "JavaScript", 155, 0, 0, 0, 0, 0, 0, 0, 0, 0, 0, 0, 0, 3, 10, 168
"/Users/dylan/Code/web/uni-project/src/frontend/src/components/Resources/SinglePages/WebsitePage.jsx", "JavaScript", 126, 0, 0, 0, 0, 0, 0, 0, 0, 0, 0, 0, 0, 3, 9, 138
"/Users/dylan/Code/web/uni-project/src/frontend/src/components/Resources/SinglePages/YoutubePage.jsx", "JavaScript", 111, 0, 0, 0, 0, 0, 0, 0, 0, 0, 0, 0, 0, 5, 7, 123
"/Users/dylan/Code/web/uni-project/src/frontend/src/components/Resources/SingleResource.jsx", "JavaScript", 56, 0, 0, 0, 0, 0, 0, 0, 0, 0, 0, 0, 0, 6, 8, 70
"/Users/dylan/Code/web/uni-project/src/frontend/src/components/UI/Card.jsx", "JavaScript", 20, 0, 0, 0, 0, 0, 0, 0, 0, 0, 0, 0, 0, 7, 3, 30
"/Users/dylan/Code/web/uni-project/src/frontend/src/components/UI/ConfirmationModal.jsx", "JavaScript", 35, 0, 0, 0, 0, 0, 0, 0, 0, 0, 0, 0, 0, 5, 3, 43
"/Users/dylan/Code/web/uni-project/src/frontend/src/components/UI/ContentContainer.jsx", "JavaScript", 11, 0, 0, 0, 0, 0, 0, 0, 0, 0, 0, 0, 0, 4, 3, 18
"/Users/dylan/Code/web/uni-project/src/frontend/src/components/UI/FileUpload.jsx", "JavaScript", 56, 0, 0, 0, 0, 0, 0, 0, 0, 0, 0, 0, 0, 6, 5, 67
"/Users/dylan/Code/web/uni-project/src/frontend/src/components/UI/Footer/Footer.jsx", "JavaScript", 14, 0, 0, 0, 0, 0, 0, 0, 0, 0, 0, 0, 0, 2, 3, 19
"/Users/dylan/Code/web/uni-project/src/frontend/src/components/UI/Footer/FooterLink.jsx", "JavaScript", 12, 0, 0, 0, 0, 0, 0, 0, 0, 0, 0, 0, 0, 1, 2, 15
"/Users/dylan/Code/web/uni-project/src/frontend/src/components/UI/Footer/LowerFooter.jsx", "JavaScript", 26, 0, 0, 0, 0, 0, 0, 0, 0, 0, 0, 0, 0, 1, 3, 30
"/Users/dylan/Code/web/uni-project/src/frontend/src/components/UI/Footer/MiddleFooter.jsx", "JavaScript", 80, 0, 0, 0, 0, 0, 0, 0, 0, 0, 0, 0, 0, 0, 3, 83
"/Users/dylan/Code/web/uni-project/src/frontend/src/components/UI/Footer/TopFooter.jsx", "JavaScript", 25, 0, 0, 0, 0, 0, 0, 0, 0, 0, 0, 0, 0, 0, 4, 29
"/Users/dylan/Code/web/uni-project/src/frontend/src/components/UI/Heading.jsx", "JavaScript", 12, 0, 0, 0, 0, 0, 0, 0, 0, 0, 0, 0, 0, 4, 4, 20
"/Users/dylan/Code/web/uni-project/src/frontend/src/components/UI/LoadingSpinner.jsx", "JavaScript", 16, 0, 0, 0, 0, 0, 0, 0, 0, 0, 0, 0, 0, 4, 3, 23
"/Users/dylan/Code/web/uni-project/src/frontend/src/components/UI/Modal/Modal.jsx", "JavaScript", 61, 0, 0, 0, 0, 0, 0, 0, 0, 0, 0, 0, 0, 11, 9, 81
"/Users/dylan/Code/web/uni-project/src/frontend/src/components/UI/Navbar/Hamburger.module.css", "CSS", 0, 0, 0, 0, 0, 43, 0, 0, 0, 0, 0, 0, 0, 2, 10, 55
"/Users/dylan/Code/web/uni-project/src/frontend/src/components/UI/Navbar/HamburgerMenu.jsx", "JavaScript", 29, 0, 0, 0, 0, 0, 0, 0, 0, 0, 0, 0, 0, 4, 4, 37
"/Users/dylan/Code/web/uni-project/src/frontend/src/components/UI/Navbar/MobileMenu.jsx", "JavaScript", 45, 0, 0, 0, 0, 0, 0, 0, 0, 0, 0, 0, 0, 2, 5, 52
"/Users/dylan/Code/web/uni-project/src/frontend/src/components/UI/Navbar/MobileMenuLink.jsx", "JavaScript", 13, 0, 0, 0, 0, 0, 0, 0, 0, 0, 0, 0, 0, 1, 3, 17
"/Users/dylan/Code/web/uni-project/src/frontend/src/components/UI/Navbar/Navbar.jsx", "JavaScript", 100, 0, 0, 0, 0, 0, 0, 0, 0, 0, 0, 0, 0, 3, 9, 112
"/Users/dylan/Code/web/uni-project/src/frontend/src/components/UI/Navbar/Navlink.jsx", "JavaScript", 17, 0, 0, 0, 0, 0, 0, 0, 0, 0, 0, 0, 0, 1, 3, 21
"/Users/dylan/Code/web/uni-project/src/frontend/src/components/UI/Notification.jsx", "JavaScript", 33, 0, 0, 0, 0, 0, 0, 0, 0, 0, 0, 0, 0, 6, 7, 46
"/Users/dylan/Code/web/uni-project/src/frontend/src/components/UI/PageNumbers.jsx", "JavaScript", 67, 0, 0, 0, 0, 0, 0, 0, 0, 0, 0, 0, 0, 6, 12, 85
"/Users/dylan/Code/web/uni-project/src/frontend/src/components/UI/Portal.jsx", "JavaScript", 5, 0, 0, 0, 0, 0, 0, 0, 0, 0, 0, 0, 0, 5, 2, 12
"/Users/dylan/Code/web/uni-project/src/frontend/src/components/UI/TextField.jsx", "JavaScript", 15, 0, 0, 0, 0, 0, 0, 0, 0, 0, 0, 0, 0, 5, 3, 23
"/Users/dylan/Code/web/uni-project/src/frontend/src/components/UI/UrgentHelpPopup.jsx", "JavaScript", 69, 0, 0, 0, 0, 0, 0, 0, 0, 0, 0, 0, 0, 2, 3, 74
"/Users/dylan/Code/web/uni-project/src/frontend/src/errors/ForbiddenAccess.js", "JavaScript", 5, 0, 0, 0, 0, 0, 0, 0, 0, 0, 0, 0, 0, 1, 1, 7
"/Users/dylan/Code/web/uni-project/src/frontend/src/errors/InvalidCredentials.js", "JavaScript", 5, 0, 0, 0, 0, 0, 0, 0, 0, 0, 0, 0, 0, 1, 1, 7
"/Users/dylan/Code/web/uni-project/src/frontend/src/errors/InvalidRequest.js", "JavaScript", 5, 0, 0, 0, 0, 0, 0, 0, 0, 0, 0, 0, 0, 1, 1, 7
"/Users/dylan/Code/web/uni-project/src/frontend/src/errors/Unauthorized.js", "JavaScript", 5, 0, 0, 0, 0, 0, 0, 0, 0, 0, 0, 0, 0, 1, 1, 7
"/Users/dylan/Code/web/uni-project/src/frontend/src/hooks/index.js", "JavaScript", 63, 0, 0, 0, 0, 0, 0, 0, 0, 0, 0, 0, 0, 12, 12, 87
"/Users/dylan/Code/web/uni-project/src/frontend/src/index.css", "CSS", 0, 0, 0, 0, 0, 4, 0, 0, 0, 0, 0, 0, 0, 0, 2, 6
"/Users/dylan/Code/web/uni-project/src/frontend/src/main.jsx", "JavaScript", 16, 0, 0, 0, 0, 0, 0, 0, 0, 0, 0, 0, 0, 2, 3, 21
"/Users/dylan/Code/web/uni-project/src/frontend/src/pages/Admin.jsx", "JavaScript", 84, 0, 0, 0, 0, 0, 0, 0, 0, 0, 0, 0, 0, 5, 10, 99
"/Users/dylan/Code/web/uni-project/src/frontend/src/pages/Events.jsx", "JavaScript", 58, 0, 0, 0, 0, 0, 0, 0, 0, 0, 0, 0, 0, 5, 10, 73
"/Users/dylan/Code/web/uni-project/src/frontend/src/pages/Home.jsx", "JavaScript", 18, 0, 0, 0, 0, 0, 0, 0, 0, 0, 0, 0, 0, 2, 3, 23
"/Users/dylan/Code/web/uni-project/src/frontend/src/pages/Loading.jsx", "JavaScript", 16, 0, 0, 0, 0, 0, 0, 0, 0, 0, 0, 0, 0, 2, 3, 21
"/Users/dylan/Code/web/uni-project/src/frontend/src/pages/Login.jsx", "JavaScript", 104, 0, 0, 0, 0, 0, 0, 0, 0, 0, 0, 0, 0, 17, 13, 134
"/Users/dylan/Code/web/uni-project/src/frontend/src/pages/NotFound.jsx", "JavaScript", 17, 0, 0, 0, 0, 0, 0, 0, 0, 0, 0, 0, 0, 1, 3, 21
"/Users/dylan/Code/web/uni-project/src/frontend/src/pages/Partners.jsx", "JavaScript", 34, 0, 0, 0, 0, 0, 0, 0, 0, 0, 0, 0, 0, 0, 3, 37
"/Users/dylan/Code/web/uni-project/src/frontend/src/pages/Register.jsx", "JavaScript", 151, 0, 0, 0, 0, 0, 0, 0, 0, 0, 0, 0, 0, 19, 13, 183
"/Users/dylan/Code/web/uni-project/src/frontend/src/pages/Resources.jsx", "JavaScript", 64, 0, 0, 0, 0, 0, 0, 0, 0, 0, 0, 0, 0, 6, 10, 80
"/Users/dylan/Code/web/uni-project/src/frontend/src/pages/SingleEventPage.jsx", "JavaScript", 60, 0, 0, 0, 0, 0, 0, 0, 0, 0, 0, 0, 0, 2, 8, 70
"/Users/dylan/Code/web/uni-project/src/frontend/src/pages/SingleResourcePage.jsx", "JavaScript", 35, 0, 0, 0, 0, 0, 0, 0, 0, 0, 0, 0, 0, 2, 5, 42
"/Users/dylan/Code/web/uni-project/src/frontend/src/reducers/authReducer.js", "JavaScript", 54, 0, 0, 0, 0, 0, 0, 0, 0, 0, 0, 0, 0, 5, 8, 67
"/Users/dylan/Code/web/uni-project/src/frontend/src/reducers/eventReducer.js", "JavaScript", 91, 0, 0, 0, 0, 0, 0, 0, 0, 0, 0, 0, 0, 9, 10, 110
"/Users/dylan/Code/web/uni-project/src/frontend/src/reducers/notificationReducer.js", "JavaScript", 29, 0, 0, 0, 0, 0, 0, 0, 0, 0, 0, 0, 0, 6, 7, 42
"/Users/dylan/Code/web/uni-project/src/frontend/src/reducers/resourceReducer.js", "JavaScript", 102, 0, 0, 0, 0, 0, 0, 0, 0, 0, 0, 0, 0, 12, 10, 124
"/Users/dylan/Code/web/uni-project/src/frontend/src/reducers/statsReducer.js", "JavaScript", 79, 0, 0, 0, 0, 0, 0, 0, 0, 0, 0, 0, 0, 9, 7, 95
"/Users/dylan/Code/web/uni-project/src/frontend/src/reducers/store.js", "JavaScript", 18, 0, 0, 0, 0, 0, 0, 0, 0, 0, 0, 0, 0, 9, 5, 32
"/Users/dylan/Code/web/uni-project/src/frontend/src/reducers/userReducer.js", "JavaScript", 88, 0, 0, 0, 0, 0, 0, 0, 0, 0, 0, 0, 0, 9, 10, 107
"/Users/dylan/Code/web/uni-project/src/frontend/src/services/UserRoles.js", "JavaScript", 4, 0, 0, 0, 0, 0, 0, 0, 0, 0, 0, 0, 0, 1, 2, 7
"/Users/dylan/Code/web/uni-project/src/frontend/src/services/authService.js", "JavaScript", 27, 0, 0, 0, 0, 0, 0, 0, 0, 0, 0, 0, 0, 3, 6, 36
"/Users/dylan/Code/web/uni-project/src/frontend/src/services/errorHandler.js", "JavaScript", 16, 0, 0, 0, 0, 0, 0, 0, 0, 0, 0, 0, 0, 3, 2, 21
"/Users/dylan/Code/web/uni-project/src/frontend/src/services/eventService.js", "JavaScript", 43, 0, 0, 0, 0, 0, 0, 0, 0, 0, 0, 0, 0, 6, 8, 57
"/Users/dylan/Code/web/uni-project/src/frontend/src/services/resourceService.js", "JavaScript", 43, 0, 0, 0, 0, 0, 0, 0, 0, 0, 0, 0, 0, 6, 8, 57
"/Users/dylan/Code/web/uni-project/src/frontend/src/services/statTypes.js", "JavaScript", 6, 0, 0, 0, 0, 0, 0, 0, 0, 0, 0, 0, 0, 1, 2, 9
"/Users/dylan/Code/web/uni-project/src/frontend/src/services/statsService.js", "JavaScript", 22, 0, 0, 0, 0, 0, 0, 0, 0, 0, 0, 0, 0, 4, 9, 35
"/Users/dylan/Code/web/uni-project/src/frontend/src/services/userService.js", "JavaScript", 51, 0, 0, 0, 0, 0, 0, 0, 0, 0, 0, 0, 0, 7, 9, 67
"/Users/dylan/Code/web/uni-project/src/frontend/tailwind.config.cjs", "JavaScript", 45, 0, 0, 0, 0, 0, 0, 0, 0, 0, 0, 0, 0, 1, 5, 51
"/Users/dylan/Code/web/uni-project/src/frontend/vite.config.js", "JavaScript", 18, 0, 0, 0, 0, 0, 0, 0, 0, 0, 0, 0, 0, 1, 2, 21
"/Users/dylan/Code/web/uni-project/src/index.js", "JavaScript", 5, 0, 0, 0, 0, 0, 0, 0, 0, 0, 0, 0, 0, 5, 6, 16
"/Users/dylan/Code/web/uni-project/src/middleware/auth.js", "JavaScript", 15, 0, 0, 0, 0, 0, 0, 0, 0, 0, 0, 0, 0, 7, 3, 25
"/Users/dylan/Code/web/uni-project/src/middleware/error.js", "JavaScript", 16, 0, 0, 0, 0, 0, 0, 0, 0, 0, 0, 0, 0, 3, 4, 23
"/Users/dylan/Code/web/uni-project/src/middleware/upload.js", "JavaScript", 3, 0, 0, 0, 0, 0, 0, 0, 0, 0, 0, 0, 0, 1, 3, 7
"/Users/dylan/Code/web/uni-project/src/models/Event.js", "JavaScript", 32, 0, 0, 0, 0, 0, 0, 0, 0, 0, 0, 0, 0, 2, 3, 37
"/Users/dylan/Code/web/uni-project/src/models/Resource.js", "JavaScript", 30, 0, 0, 0, 0, 0, 0, 0, 0, 0, 0, 0, 0, 2, 3, 35
"/Users/dylan/Code/web/uni-project/src/models/Stats.js", "JavaScript", 32, 0, 0, 0, 0, 0, 0, 0, 0, 0, 0, 0, 0, 2, 3, 37
"/Users/dylan/Code/web/uni-project/src/models/User.js", "JavaScript", 50, 0, 0, 0, 0, 0, 0, 0, 0, 0, 0, 0, 0, 8, 7, 65
"/Users/dylan/Code/web/uni-project/src/routes/eventRoutes.js", "JavaScript", 28, 0, 0, 0, 0, 0, 0, 0, 0, 0, 0, 0, 0, 1, 4, 33
"/Users/dylan/Code/web/uni-project/src/routes/resourceRoutes.js", "JavaScript", 32, 0, 0, 0, 0, 0, 0, 0, 0, 0, 0, 0, 0, 1, 4, 37
"/Users/dylan/Code/web/uni-project/src/routes/statsRoutes.js", "JavaScript", 16, 0, 0, 0, 0, 0, 0, 0, 0, 0, 0, 0, 0, 1, 4, 21
"/Users/dylan/Code/web/uni-project/src/routes/userRoutes.js", "JavaScript", 36, 0, 0, 0, 0, 0, 0, 0, 0, 0, 0, 0, 0, 4, 9, 49
"/Users/dylan/Code/web/uni-project/src/utils/authorizeUser.js", "JavaScript", 8, 0, 0, 0, 0, 0, 0, 0, 0, 0, 0, 0, 0, 4, 2, 14
"/Users/dylan/Code/web/uni-project/src/utils/localStorageService.js", "JavaScript", 37, 0, 0, 0, 0, 0, 0, 0, 0, 0, 0, 0, 0, 5, 10, 52
"/Users/dylan/Code/web/uni-project/src/utils/s3Service.js", "JavaScript", 59, 0, 0, 0, 0, 0, 0, 0, 0, 0, 0, 0, 0, 13, 15, 87
"/Users/dylan/Code/web/uni-project/src/validation/Event.js", "JavaScript", 89, 0, 0, 0, 0, 0, 0, 0, 0, 0, 0, 0, 0, 3, 24, 116
"/Users/dylan/Code/web/uni-project/src/validation/Resource.js", "JavaScript", 80, 0, 0, 0, 0, 0, 0, 0, 0, 0, 0, 0, 0, 3, 20, 103
"/Users/dylan/Code/web/uni-project/src/validation/User.js", "JavaScript", 56, 0, 0, 0, 0, 0, 0, 0, 0, 0, 0, 0, 0, 10, 14, 80
"/Users/dylan/Code/web/uni-project/src/validation/common.js", "JavaScript", 34, 0, 0, 0, 0, 0, 0, 0, 0, 0, 0, 0, 0, 5, 6, 45
"/Users/dylan/Code/web/uni-project/tests/Events/event.test.js", "JavaScript", 288, 0, 0, 0, 0, 0, 0, 0, 0, 0, 0, 0, 0, 0, 56, 344
"/Users/dylan/Code/web/uni-project/tests/Events/eventValidationFunctions.test.js", "JavaScript", 163, 0, 0, 0, 0, 0, 0, 0, 0, 0, 0, 0, 0, 0, 35, 198
"/Users/dylan/Code/web/uni-project/tests/Resources/resource.test.js", "JavaScript", 345, 0, 0, 0, 0, 0, 0, 0, 0, 0, 0, 0, 0, 0, 65, 410
"/Users/dylan/Code/web/uni-project/tests/Resources/resourceValidationFunctions.test.js", "JavaScript", 148, 0, 0, 0, 0, 0, 0, 0, 0, 0, 0, 0, 0, 0, 43, 191
"/Users/dylan/Code/web/uni-project/tests/Stats/stats.test.js", "JavaScript", 78, 0, 0, 0, 0, 0, 0, 0, 0, 0, 0, 0, 0, 0, 25, 103
"/Users/dylan/Code/web/uni-project/tests/Users/user.test.js", "JavaScript", 251, 0, 0, 0, 0, 0, 0, 0, 0, 0, 0, 0, 0, 3, 58, 312
"/Users/dylan/Code/web/uni-project/tests/Users/userValidationFunctions.test.js", "JavaScript", 101, 0, 0, 0, 0, 0, 0, 0, 0, 0, 0, 0, 0, 0, 24, 125
"/Users/dylan/Code/web/uni-project/tests/testUtils.js", "JavaScript", 51, 0, 0, 0, 0, 0, 0, 0, 0, 0, 0, 0, 0, 1, 7, 59
"Total", "-", 7651, 0, 27672, 34, 92, 61, 14, 67, 15, 4, 4, 1, 11, 713, 1211, 37550